Comment,Designator,Footprint,LCSC,Quantity
0.1uF,"C501,C502,C503,C504,C505,C506,C507,C508,C509,C510,C511,C512,C513,C514,C515,C516,C517,C518",C_0603_1608Metric,C14663,18
0.1uF,"C1101,C202",C_0603_1608Metric,C28233,2
0.47,R1202,R_0603_1608Metric,C23411,1
100K,R805,R_0603_1608Metric,C14675,1
100K,R302,R_0603_1608Metric,C25803,1
10K,"R201,R202,R204,R601,R602,R603,R604,R605,R606",R_0603_1608Metric,C25804,9
10nF,"C1001,C1003,C1006,C1009,C1011,C1013,C1015,C1019",C_0603_1608Metric,C57112,8
10pF,"C1032,C1035",C_0603_1608Metric,C1634,2
10uF,"C201,C302,C802",C_0805_2012Metric,C15850,3
10uH,L1201,L_Vishay_IFSC-1515AH_4x4x1.8mm,C222882,1
12pF,"C1007,C1008",C_0603_1608Metric,C38523,2
150pF,"C1028,C1029",C_0603_1608Metric,C1594,2
1K,R1001,R_0603_1608Metric,C14676,1
1K,"R203,R801,R802,R803",R_0603_1608Metric,C21190,4
1R5,"R1004,R1005",R_0603_1608Metric,C245932,2
1nF,C1017,C_0603_1608Metric,C1588,1
1uF,"C1004,C1201,C1202,C1203,C1204,C1205,C1206,C1207,C1208,C1209,C1211,C203,C301,C303",C_0603_1608Metric,C15849,14
1uF,C803,C_0805_2012Metric_Pad1.18x1.45mm_HandSolder,C28323,1
220pF,"C1033,C1034",C_0603_1608Metric,C1603,2
22nF,C1018,C_0603_1608Metric,C21122,1
27.12Mhz,Y1001,Crystal_SMD_3225-4Pin_3.2x2.5mm,C3003244,1
2u2F,"C1002,C1005,C1010,C1012,C1014,C1016",C_0603_1608Metric,C23630,6
33pF,"C1023,C1024",C_0603_1608Metric,C1663,2
390K,R804,R_0603_1608Metric,C23150,1
4.7uF,C801,C_0805_2012Metric_Pad1.18x1.45mm_HandSolder,C1779,1
4.7uF/50V,"C1210,C1212",C_1206_3216Metric,C29823,2
47pF,"C1030,C1031",C_0603_1608Metric,C1671,2
4u7F,C1020,C_0603_1608Metric,C19666,1
5.1K,"R301,R303,R401,R402",R_0603_1608Metric,C23186,4
680pF,"C1021,C1022",C_0603_1608Metric,C107055,2
AP2112K-3_3TRG1,U301,SOT-25-5_L2.9-W1.6-P0.95-LS2.8-BL,C51118,1
ESP32-S3-WROOM-1(N16R8),U201,WIRELM-SMD_ESP32-S3-WROOM-1,C2913202,1
HC-FPC-05-09-24RLTAG,U1202,FPC-SMD_24P-P0.50_HC-FPC-05-09-24RLTAG,C5213757,1
IRLML0100TRPBF,Q1201,SOT-23-3,C53658,1
LXRW0YV600-054,"C1025,C1026,C1027",X2SON-4_L0.6-W0.6-P0.40-BL,C2988749,3
MBR0530,"D1201,D1202,D1203",D_SOD-123,C77336,3
MBR120LSF,"D301,D302",SOD-123_L2.8-W1.8-LS3.7-RD,C130880,2
MLJ1608WR27JT000,"L1001,L1002",L_0603_1608Metric,C2041707,2
NCD0805R1,"LED1001,LED201,LED301,LED302,LED801",LED_0805_2012Metric_Pad1.15x1.40mm_HandSolder,C84256,5
PM254-2-03-S-8_5,"J701,J702",HDR-SMD_6P-P2.54-V-F-R2-C3-LS7.0,C3975148,2
SK6812SIDE-A_C5378721,"RGB501,RGB502,RGB503,RGB504,RGB505,RGB506,RGB507,RGB508,RGB509,RGB510,RGB511,RGB512,RGB513,RGB514,RGB515,RGB516,RGB517,RGB518",LED-SMD_SK6812SIDE-A_C5378721,C5378721,18
SSSS811101,KEY301,SW-SMD_SSSS811101,C109335,1
ST25R3916-AQWT,U1001,QFN50P500X500X100-33N-D,C2908147,1
TPSMF05CT1G,U402,SOT-363_L2.0-W1.3-P0.65-LS2.1-BL,C558443,1
TS-1187A-C-C-B,"SW201,SW202,SW601,SW602,SW603,SW604,SW605,SW606",SW-SMD_4P-L5.1-W5.1-P3.70-LS6.5-TL_H1.5,C318884,8
TYPE-C-31-M-12,U401,USB-C_SMD-TYPE-C-31-M-12,C165948,1
VEML6040A3OG,U1101,SENSOR_SMD_VEML6040A3OG,C78465,1
XDWF-0920-02P,U802,CONN-SMD_XDWF-0920-02P,C7527581,1
XT4054K421MR-G,U801,SOT-23-5_L3.0-W1.7-P0.95-LS2.8-BL,C141405,1
