Designator,Val,Package,Mid X,Mid Y,Rotation,Layer
C1001,10nF,C_0603_1608Metric,52.356,-208.311,270.0,bottom
C1001,10nF,C_0603_1608Metric,284.316,-72.825,90.0,bottom
C1001,10nF,C_0603_1608Metric,121.481,-72.825,90.0,bottom
C1001,10nF,C_0603_1608Metric,215.191,-208.311,270.0,bottom
C1002,2u2F,C_0603_1608Metric,213.691,-208.311,270.0,bottom
C1002,2u2F,C_0603_1608Metric,285.816,-72.825,90.0,bottom
C1002,2u2F,C_0603_1608Metric,50.856,-208.311,270.0,bottom
C1002,2u2F,C_0603_1608Metric,122.981,-72.825,90.0,bottom
C1003,10nF,C_0603_1608Metric,45.531,-204.286,0.0,bottom
C1003,10nF,C_0603_1608Metric,291.141,-76.85,180.0,bottom
C1003,10nF,C_0603_1608Metric,128.306,-76.85,180.0,bottom
C1003,10nF,C_0603_1608Metric,208.366,-204.286,0.0,bottom
C1004,1uF,C_0603_1608Metric,53.056,-216.761,270.0,bottom
C1004,1uF,C_0603_1608Metric,283.616,-64.375,90.0,bottom
C1004,1uF,C_0603_1608Metric,215.891,-216.761,270.0,bottom
C1004,1uF,C_0603_1608Metric,120.781,-64.375,90.0,bottom
C1005,2u2F,C_0603_1608Metric,128.306,-78.35,180.0,bottom
C1005,2u2F,C_0603_1608Metric,45.531,-202.786,0.0,bottom
C1005,2u2F,C_0603_1608Metric,291.141,-78.35,180.0,bottom
C1005,2u2F,C_0603_1608Metric,208.366,-202.786,0.0,bottom
C1006,10nF,C_0603_1608Metric,217.391,-216.761,270.0,bottom
C1006,10nF,C_0603_1608Metric,119.281,-64.375,90.0,bottom
C1006,10nF,C_0603_1608Metric,54.556,-216.761,270.0,bottom
C1006,10nF,C_0603_1608Metric,282.116,-64.375,90.0,bottom
C1007,12pF,C_0603_1608Metric,291.141,-75.25,180.0,bottom
C1007,12pF,C_0603_1608Metric,45.531,-205.886,0.0,bottom
C1007,12pF,C_0603_1608Metric,128.306,-75.25,180.0,bottom
C1007,12pF,C_0603_1608Metric,208.366,-205.886,0.0,bottom
C1008,12pF,C_0603_1608Metric,292.116,-81.15,90.0,bottom
C1008,12pF,C_0603_1608Metric,44.556,-199.986,270.0,bottom
C1008,12pF,C_0603_1608Metric,207.391,-199.986,270.0,bottom
C1008,12pF,C_0603_1608Metric,129.281,-81.15,90.0,bottom
C1009,10nF,C_0603_1608Metric,286.391,-84.65,180.0,bottom
C1009,10nF,C_0603_1608Metric,123.556,-84.65,180.0,bottom
C1009,10nF,C_0603_1608Metric,50.281,-196.486,0.0,bottom
C1009,10nF,C_0603_1608Metric,213.116,-196.486,0.0,bottom
C1010,2u2F,C_0603_1608Metric,213.116,-197.986,0.0,bottom
C1010,2u2F,C_0603_1608Metric,50.281,-197.986,0.0,bottom
C1010,2u2F,C_0603_1608Metric,123.556,-83.15,180.0,bottom
C1010,2u2F,C_0603_1608Metric,286.391,-83.15,180.0,bottom
C1011,10nF,C_0603_1608Metric,289.416,-87.75,180.0,bottom
C1011,10nF,C_0603_1608Metric,47.256,-193.386,0.0,bottom
C1011,10nF,C_0603_1608Metric,126.581,-87.75,180.0,bottom
C1011,10nF,C_0603_1608Metric,210.091,-193.386,0.0,bottom
C1012,2u2F,C_0603_1608Metric,289.416,-90.15,180.0,bottom
C1012,2u2F,C_0603_1608Metric,210.091,-190.986,0.0,bottom
C1012,2u2F,C_0603_1608Metric,126.581,-90.15,180.0,bottom
C1012,2u2F,C_0603_1608Metric,47.256,-190.986,0.0,bottom
C1013,10nF,C_0603_1608Metric,123.456,-86.25,180.0,bottom
C1013,10nF,C_0603_1608Metric,286.291,-86.25,180.0,bottom
C1013,10nF,C_0603_1608Metric,50.381,-194.886,0.0,bottom
C1013,10nF,C_0603_1608Metric,213.216,-194.886,0.0,bottom
C1014,2u2F,C_0603_1608Metric,123.481,-87.85,180.0,bottom
C1014,2u2F,C_0603_1608Metric,50.356,-193.286,0.0,bottom
C1014,2u2F,C_0603_1608Metric,213.191,-193.286,0.0,bottom
C1014,2u2F,C_0603_1608Metric,286.316,-87.85,180.0,bottom
C1015,10nF,C_0603_1608Metric,47.256,-187.986,0.0,bottom
C1015,10nF,C_0603_1608Metric,289.416,-93.15,180.0,bottom
C1015,10nF,C_0603_1608Metric,126.581,-93.15,180.0,bottom
C1015,10nF,C_0603_1608Metric,210.091,-187.986,0.0,bottom
C1016,2u2F,C_0603_1608Metric,126.581,-91.65,180.0,bottom
C1016,2u2F,C_0603_1608Metric,210.091,-189.486,0.0,bottom
C1016,2u2F,C_0603_1608Metric,289.416,-91.65,180.0,bottom
C1016,2u2F,C_0603_1608Metric,47.256,-189.486,0.0,bottom
C1017,1nF,C_0603_1608Metric,124.281,-91.45,270.0,bottom
C1017,1nF,C_0603_1608Metric,49.556,-189.686,90.0,bottom
C1017,1nF,C_0603_1608Metric,212.391,-189.686,90.0,bottom
C1017,1nF,C_0603_1608Metric,287.116,-91.45,270.0,bottom
C1018,22nF,C_0603_1608Metric,51.156,-189.686,90.0,bottom
C1018,22nF,C_0603_1608Metric,122.681,-91.45,270.0,bottom
C1018,22nF,C_0603_1608Metric,285.516,-91.45,270.0,bottom
C1018,22nF,C_0603_1608Metric,213.991,-189.686,90.0,bottom
C1019,10nF,C_0603_1608Metric,218.791,-189.661,90.0,bottom
C1019,10nF,C_0603_1608Metric,55.956,-189.661,90.0,bottom
C1019,10nF,C_0603_1608Metric,280.716,-91.475,270.0,bottom
C1019,10nF,C_0603_1608Metric,117.881,-91.475,270.0,bottom
C1020,4u7F,C_0603_1608Metric,282.316,-91.475,270.0,bottom
C1020,4u7F,C_0603_1608Metric,119.481,-91.475,270.0,bottom
C1020,4u7F,C_0603_1608Metric,217.191,-189.661,90.0,bottom
C1020,4u7F,C_0603_1608Metric,54.356,-189.661,90.0,bottom
C1021,680pF,C_0603_1608Metric,115.481,-94.95,0.0,bottom
C1021,680pF,C_0603_1608Metric,278.316,-94.95,0.0,bottom
C1021,680pF,C_0603_1608Metric,58.356,-186.186,180.0,bottom
C1021,680pF,C_0603_1608Metric,221.191,-186.186,180.0,bottom
C1022,680pF,C_0603_1608Metric,219.991,-183.086,180.0,bottom
C1022,680pF,C_0603_1608Metric,279.516,-98.05,0.0,bottom
C1022,680pF,C_0603_1608Metric,57.156,-183.086,180.0,bottom
C1022,680pF,C_0603_1608Metric,116.681,-98.05,0.0,bottom
C1023,33pF,C_0603_1608Metric,221.191,-187.786,0.0,bottom
C1023,33pF,C_0603_1608Metric,278.316,-93.35,180.0,bottom
C1023,33pF,C_0603_1608Metric,115.481,-93.35,180.0,bottom
C1023,33pF,C_0603_1608Metric,58.356,-187.786,0.0,bottom
C1024,33pF,C_0603_1608Metric,113.481,-98.05,0.0,bottom
C1024,33pF,C_0603_1608Metric,276.316,-98.05,0.0,bottom
C1024,33pF,C_0603_1608Metric,60.356,-183.086,180.0,bottom
C1024,33pF,C_0603_1608Metric,223.191,-183.086,180.0,bottom
C1025,LXRW0YV600-054,X2SON-4_L0.6-W0.6-P0.40-BL,58.756,-189.486,90.0,bottom
C1025,LXRW0YV600-054,X2SON-4_L0.6-W0.6-P0.40-BL,221.591,-189.486,90.0,bottom
C1025,LXRW0YV600-054,X2SON-4_L0.6-W0.6-P0.40-BL,277.916,-91.65,270.0,bottom
C1025,LXRW0YV600-054,X2SON-4_L0.6-W0.6-P0.40-BL,115.081,-91.65,270.0,bottom
C1026,LXRW0YV600-054,X2SON-4_L0.6-W0.6-P0.40-BL,277.216,-89.35,90.0,bottom
C1026,LXRW0YV600-054,X2SON-4_L0.6-W0.6-P0.40-BL,59.456,-191.786,270.0,bottom
C1026,LXRW0YV600-054,X2SON-4_L0.6-W0.6-P0.40-BL,222.291,-191.786,270.0,bottom
C1026,LXRW0YV600-054,X2SON-4_L0.6-W0.6-P0.40-BL,114.381,-89.35,90.0,bottom
C1027,LXRW0YV600-054,X2SON-4_L0.6-W0.6-P0.40-BL,276.065936,-91.65,90.0,bottom
C1027,LXRW0YV600-054,X2SON-4_L0.6-W0.6-P0.40-BL,223.441064,-189.486,270.0,bottom
C1027,LXRW0YV600-054,X2SON-4_L0.6-W0.6-P0.40-BL,60.606064,-189.486,270.0,bottom
C1027,LXRW0YV600-054,X2SON-4_L0.6-W0.6-P0.40-BL,113.230936,-91.65,90.0,bottom
C1028,150pF,C_0603_1608Metric,275.916,-94.15,270.0,bottom
C1028,150pF,C_0603_1608Metric,223.591,-186.986,90.0,bottom
C1028,150pF,C_0603_1608Metric,60.756,-186.986,90.0,bottom
C1028,150pF,C_0603_1608Metric,113.081,-94.15,270.0,bottom
C1029,150pF,C_0603_1608Metric,272.316,-67.45,90.0,bottom
C1029,150pF,C_0603_1608Metric,227.191,-213.686,270.0,bottom
C1029,150pF,C_0603_1608Metric,64.356,-213.686,270.0,bottom
C1029,150pF,C_0603_1608Metric,109.481,-67.45,90.0,bottom
C1030,47pF,C_0603_1608Metric,224.566,-216.086,0.0,bottom
C1030,47pF,C_0603_1608Metric,274.941,-65.05,180.0,bottom
C1030,47pF,C_0603_1608Metric,61.731,-216.086,0.0,bottom
C1030,47pF,C_0603_1608Metric,112.106,-65.05,180.0,bottom
C1031,47pF,C_0603_1608Metric,112.106,-63.25,0.0,bottom
C1031,47pF,C_0603_1608Metric,61.731,-217.886,180.0,bottom
C1031,47pF,C_0603_1608Metric,274.941,-63.25,0.0,bottom
C1031,47pF,C_0603_1608Metric,224.566,-217.886,180.0,bottom
C1032,10pF,C_0603_1608Metric,225.466,-213.686,90.0,bottom
C1032,10pF,C_0603_1608Metric,274.041,-67.45,270.0,bottom
C1032,10pF,C_0603_1608Metric,111.206,-67.45,270.0,bottom
C1032,10pF,C_0603_1608Metric,62.631,-213.686,90.0,bottom
C1033,220pF,C_0603_1608Metric,223.866,-213.686,270.0,bottom
C1033,220pF,C_0603_1608Metric,275.641,-67.45,90.0,bottom
C1033,220pF,C_0603_1608Metric,112.806,-67.45,90.0,bottom
C1033,220pF,C_0603_1608Metric,61.031,-213.686,270.0,bottom
C1034,220pF,C_0603_1608Metric,59.331,-213.686,90.0,bottom
C1034,220pF,C_0603_1608Metric,222.166,-213.686,90.0,bottom
C1034,220pF,C_0603_1608Metric,277.341,-67.45,270.0,bottom
C1034,220pF,C_0603_1608Metric,114.506,-67.45,270.0,bottom
C1035,10pF,C_0603_1608Metric,220.566,-213.686,270.0,bottom
C1035,10pF,C_0603_1608Metric,278.941,-67.45,90.0,bottom
C1035,10pF,C_0603_1608Metric,57.731,-213.686,270.0,bottom
C1035,10pF,C_0603_1608Metric,116.106,-67.45,90.0,bottom
C1101,0.1uF,C_0603_1608Metric,128.556,-200.686,270.0,bottom
C1101,0.1uF,C_0603_1608Metric,45.281,-80.45,90.0,bottom
C1101,0.1uF,C_0603_1608Metric,208.116,-80.45,90.0,bottom
C1101,0.1uF,C_0603_1608Metric,291.391,-200.686,270.0,bottom
C1201,1uF,C_0603_1608Metric,253.066,-60.35,0.0,bottom
C1201,1uF,C_0603_1608Metric,246.441,-220.786,180.0,bottom
C1201,1uF,C_0603_1608Metric,90.231,-60.35,0.0,bottom
C1201,1uF,C_0603_1608Metric,83.606,-220.786,180.0,bottom
C1202,1uF,C_0603_1608Metric,246.266,-61.65,0.0,bottom
C1202,1uF,C_0603_1608Metric,90.406,-219.486,180.0,bottom
C1202,1uF,C_0603_1608Metric,83.431,-61.65,0.0,bottom
C1202,1uF,C_0603_1608Metric,253.241,-219.486,180.0,bottom
C1203,1uF,C_0603_1608Metric,95.206,-215.886,180.0,bottom
C1203,1uF,C_0603_1608Metric,258.041,-215.886,180.0,bottom
C1203,1uF,C_0603_1608Metric,241.466,-65.25,0.0,bottom
C1203,1uF,C_0603_1608Metric,78.631,-65.25,0.0,bottom
C1204,1uF,C_0603_1608Metric,90.406,-217.686,180.0,bottom
C1204,1uF,C_0603_1608Metric,253.241,-217.686,180.0,bottom
C1204,1uF,C_0603_1608Metric,83.431,-63.45,0.0,bottom
C1204,1uF,C_0603_1608Metric,246.266,-63.45,0.0,bottom
C1205,1uF,C_0603_1608Metric,83.706,-218.386,180.0,bottom
C1205,1uF,C_0603_1608Metric,252.966,-62.75,0.0,bottom
C1205,1uF,C_0603_1608Metric,246.541,-218.386,180.0,bottom
C1205,1uF,C_0603_1608Metric,90.131,-62.75,0.0,bottom
C1206,1uF,C_0603_1608Metric,245.566,-65.95,0.0,bottom
C1206,1uF,C_0603_1608Metric,91.106,-215.186,180.0,bottom
C1206,1uF,C_0603_1608Metric,253.941,-215.186,180.0,bottom
C1206,1uF,C_0603_1608Metric,82.731,-65.95,0.0,bottom
C1207,1uF,C_0603_1608Metric,253.991,-213.386,180.0,bottom
C1207,1uF,C_0603_1608Metric,245.516,-67.75,0.0,bottom
C1207,1uF,C_0603_1608Metric,82.681,-67.75,0.0,bottom
C1207,1uF,C_0603_1608Metric,91.156,-213.386,180.0,bottom
C1208,1uF,C_0603_1608Metric,82.681,-69.45,0.0,bottom
C1208,1uF,C_0603_1608Metric,91.156,-211.686,180.0,bottom
C1208,1uF,C_0603_1608Metric,253.991,-211.686,180.0,bottom
C1208,1uF,C_0603_1608Metric,245.516,-69.45,0.0,bottom
C1209,1uF,C_0603_1608Metric,91.156,-210.086,180.0,bottom
C1209,1uF,C_0603_1608Metric,82.681,-71.05,0.0,bottom
C1209,1uF,C_0603_1608Metric,245.516,-71.05,0.0,bottom
C1209,1uF,C_0603_1608Metric,253.991,-210.086,180.0,bottom
C1210,4.7uF/50V,C_1206_3216Metric,79.431,-63.05,180.0,bottom
C1210,4.7uF/50V,C_1206_3216Metric,94.406,-218.086,0.0,bottom
C1210,4.7uF/50V,C_1206_3216Metric,257.241,-218.086,0.0,bottom
C1210,4.7uF/50V,C_1206_3216Metric,242.266,-63.05,180.0,bottom
C1211,1uF,C_0603_1608Metric,86.581,-67.65,180.0,bottom
C1211,1uF,C_0603_1608Metric,87.256,-213.486,0.0,bottom
C1211,1uF,C_0603_1608Metric,250.091,-213.486,0.0,bottom
C1211,1uF,C_0603_1608Metric,249.416,-67.65,180.0,bottom
C1212,4.7uF/50V,C_1206_3216Metric,92.631,-70.25,0.0,bottom
C1212,4.7uF/50V,C_1206_3216Metric,244.041,-210.886,180.0,bottom
C1212,4.7uF/50V,C_1206_3216Metric,81.206,-210.886,180.0,bottom
C1212,4.7uF/50V,C_1206_3216Metric,255.466,-70.25,0.0,bottom
C201,10uF,C_0805_2012Metric,40.981,-86.15,0.0,bottom
C201,10uF,C_0805_2012Metric,203.816,-86.15,0.0,bottom
C201,10uF,C_0805_2012Metric,295.691,-194.986,180.0,bottom
C201,10uF,C_0805_2012Metric,132.856,-194.986,180.0,bottom
C202,0.1uF,C_0603_1608Metric,203.716,-84.3,0.0,bottom
C202,0.1uF,C_0603_1608Metric,132.956,-196.836,180.0,bottom
C202,0.1uF,C_0603_1608Metric,295.791,-196.836,180.0,bottom
C202,0.1uF,C_0603_1608Metric,40.881,-84.3,0.0,bottom
C203,1uF,C_0603_1608Metric,295.791,-198.486,180.0,bottom
C203,1uF,C_0603_1608Metric,203.716,-82.65,0.0,bottom
C203,1uF,C_0603_1608Metric,40.881,-82.65,0.0,bottom
C203,1uF,C_0603_1608Metric,132.956,-198.486,180.0,bottom
C301,1uF,C_0603_1608Metric,147.056,-235.986,90.0,bottom
C301,1uF,C_0603_1608Metric,26.781,-45.15,270.0,bottom
C301,1uF,C_0603_1608Metric,309.891,-235.986,90.0,bottom
C301,1uF,C_0603_1608Metric,189.616,-45.15,270.0,bottom
C302,10uF,C_0805_2012Metric,143.306,-236.486,180.0,bottom
C302,10uF,C_0805_2012Metric,30.531,-44.65,0.0,bottom
C302,10uF,C_0805_2012Metric,193.366,-44.65,0.0,bottom
C302,10uF,C_0805_2012Metric,306.141,-236.486,180.0,bottom
C303,1uF,C_0603_1608Metric,143.156,-234.486,180.0,bottom
C303,1uF,C_0603_1608Metric,193.516,-46.65,0.0,bottom
C303,1uF,C_0603_1608Metric,30.681,-46.65,0.0,bottom
C303,1uF,C_0603_1608Metric,305.991,-234.486,180.0,bottom
C501,0.1uF,C_0603_1608Metric,131.881,-74.35,180.0,bottom
C501,0.1uF,C_0603_1608Metric,41.956,-206.786,0.0,bottom
C501,0.1uF,C_0603_1608Metric,294.716,-74.35,180.0,bottom
C501,0.1uF,C_0603_1608Metric,204.791,-206.786,0.0,bottom
C502,0.1uF,C_0603_1608Metric,131.581,-82.45,90.0,bottom
C502,0.1uF,C_0603_1608Metric,42.256,-198.686,270.0,bottom
C502,0.1uF,C_0603_1608Metric,294.416,-82.45,90.0,bottom
C502,0.1uF,C_0603_1608Metric,205.091,-198.686,270.0,bottom
C503,0.1uF,C_0603_1608Metric,124.981,-99.35,270.0,bottom
C503,0.1uF,C_0603_1608Metric,211.691,-181.786,90.0,bottom
C503,0.1uF,C_0603_1608Metric,48.856,-181.786,90.0,bottom
C503,0.1uF,C_0603_1608Metric,287.816,-99.35,270.0,bottom
C504,0.1uF,C_0603_1608Metric,114.381,-114.35,90.0,bottom
C504,0.1uF,C_0603_1608Metric,59.456,-166.786,270.0,bottom
C504,0.1uF,C_0603_1608Metric,222.291,-166.786,270.0,bottom
C504,0.1uF,C_0603_1608Metric,277.216,-114.35,90.0,bottom
C505,0.1uF,C_0603_1608Metric,264.916,-122.05,180.0,bottom
C505,0.1uF,C_0603_1608Metric,234.591,-159.086,0.0,bottom
C505,0.1uF,C_0603_1608Metric,71.756,-159.086,0.0,bottom
C505,0.1uF,C_0603_1608Metric,102.081,-122.05,180.0,bottom
C506,0.1uF,C_0603_1608Metric,78.756,-162.886,270.0,bottom
C506,0.1uF,C_0603_1608Metric,257.916,-118.25,90.0,bottom
C506,0.1uF,C_0603_1608Metric,95.081,-118.25,90.0,bottom
C506,0.1uF,C_0603_1608Metric,241.591,-162.886,270.0,bottom
C507,0.1uF,C_0603_1608Metric,82.281,-118.35,90.0,bottom
C507,0.1uF,C_0603_1608Metric,254.391,-162.786,270.0,bottom
C507,0.1uF,C_0603_1608Metric,91.556,-162.786,270.0,bottom
C507,0.1uF,C_0603_1608Metric,245.116,-118.35,90.0,bottom
C508,0.1uF,C_0603_1608Metric,234.496,-119.88,90.0,bottom
C508,0.1uF,C_0603_1608Metric,102.176,-161.256,270.0,bottom
C508,0.1uF,C_0603_1608Metric,265.011,-161.256,270.0,bottom
C508,0.1uF,C_0603_1608Metric,71.661,-119.88,90.0,bottom
C509,0.1uF,C_0603_1608Metric,111.526,-166.076,270.0,bottom
C509,0.1uF,C_0603_1608Metric,225.146,-115.06,90.0,bottom
C509,0.1uF,C_0603_1608Metric,62.311,-115.06,90.0,bottom
C509,0.1uF,C_0603_1608Metric,274.361,-166.076,270.0,bottom
C510,0.1uF,C_0603_1608Metric,57.081,-108.35,0.0,bottom
C510,0.1uF,C_0603_1608Metric,219.916,-108.35,0.0,bottom
C510,0.1uF,C_0603_1608Metric,116.756,-172.786,180.0,bottom
C510,0.1uF,C_0603_1608Metric,279.591,-172.786,180.0,bottom
C511,0.1uF,C_0603_1608Metric,133.856,-207.786,0.0,bottom
C511,0.1uF,C_0603_1608Metric,296.691,-207.786,0.0,bottom
C511,0.1uF,C_0603_1608Metric,39.981,-73.35,180.0,bottom
C511,0.1uF,C_0603_1608Metric,202.816,-73.35,180.0,bottom
C512,0.1uF,C_0603_1608Metric,132.356,-215.786,0.0,bottom
C512,0.1uF,C_0603_1608Metric,295.191,-215.786,0.0,bottom
C512,0.1uF,C_0603_1608Metric,41.481,-65.35,180.0,bottom
C512,0.1uF,C_0603_1608Metric,204.316,-65.35,180.0,bottom
C513,0.1uF,C_0603_1608Metric,124.456,-262.186,270.0,bottom
C513,0.1uF,C_0603_1608Metric,49.381,-18.95,90.0,bottom
C513,0.1uF,C_0603_1608Metric,287.291,-262.186,270.0,bottom
C513,0.1uF,C_0603_1608Metric,212.216,-18.95,90.0,bottom
C514,0.1uF,C_0603_1608Metric,230.316,-15.85,0.0,bottom
C514,0.1uF,C_0603_1608Metric,67.481,-15.85,0.0,bottom
C514,0.1uF,C_0603_1608Metric,269.191,-265.286,180.0,bottom
C514,0.1uF,C_0603_1608Metric,106.356,-265.286,180.0,bottom
C515,0.1uF,C_0603_1608Metric,257.691,-263.186,0.0,bottom
C515,0.1uF,C_0603_1608Metric,241.816,-17.95,180.0,bottom
C515,0.1uF,C_0603_1608Metric,78.981,-17.95,180.0,bottom
C515,0.1uF,C_0603_1608Metric,94.856,-263.186,0.0,bottom
C516,0.1uF,C_0603_1608Metric,82.156,-262.686,0.0,bottom
C516,0.1uF,C_0603_1608Metric,244.991,-262.686,0.0,bottom
C516,0.1uF,C_0603_1608Metric,91.681,-18.45,180.0,bottom
C516,0.1uF,C_0603_1608Metric,254.516,-18.45,180.0,bottom
C517,0.1uF,C_0603_1608Metric,71.256,-263.286,0.0,bottom
C517,0.1uF,C_0603_1608Metric,102.581,-17.85,180.0,bottom
C517,0.1uF,C_0603_1608Metric,265.416,-17.85,180.0,bottom
C517,0.1uF,C_0603_1608Metric,234.091,-263.286,0.0,bottom
C518,0.1uF,C_0603_1608Metric,59.856,-263.086,0.0,bottom
C518,0.1uF,C_0603_1608Metric,113.981,-18.05,180.0,bottom
C518,0.1uF,C_0603_1608Metric,276.816,-18.05,180.0,bottom
C518,0.1uF,C_0603_1608Metric,222.691,-263.086,0.0,bottom
C801,4.7uF,C_0805_2012Metric_Pad1.18x1.45mm_HandSolder,35.681,-40.65,0.0,bottom
C801,4.7uF,C_0805_2012Metric_Pad1.18x1.45mm_HandSolder,300.991,-240.486,180.0,bottom
C801,4.7uF,C_0805_2012Metric_Pad1.18x1.45mm_HandSolder,138.156,-240.486,180.0,bottom
C801,4.7uF,C_0805_2012Metric_Pad1.18x1.45mm_HandSolder,198.516,-40.65,0.0,bottom
C802,10uF,C_0805_2012Metric_Pad1.18x1.45mm_HandSolder,114.456,-230.686,270.0,bottom
C802,10uF,C_0805_2012Metric_Pad1.18x1.45mm_HandSolder,222.216,-50.45,90.0,bottom
C802,10uF,C_0805_2012Metric_Pad1.18x1.45mm_HandSolder,59.381,-50.45,90.0,bottom
C802,10uF,C_0805_2012Metric_Pad1.18x1.45mm_HandSolder,277.291,-230.686,270.0,bottom
C803,1uF,C_0805_2012Metric_Pad1.18x1.45mm_HandSolder,275.091,-230.686,270.0,bottom
C803,1uF,C_0805_2012Metric_Pad1.18x1.45mm_HandSolder,224.416,-50.45,90.0,bottom
C803,1uF,C_0805_2012Metric_Pad1.18x1.45mm_HandSolder,112.256,-230.686,270.0,bottom
C803,1uF,C_0805_2012Metric_Pad1.18x1.45mm_HandSolder,61.581,-50.45,90.0,bottom
D1201,MBR0530,D_SOD-123,250.266,-65.35,180.0,bottom
D1201,MBR0530,D_SOD-123,86.406,-215.786,0.0,bottom
D1201,MBR0530,D_SOD-123,249.241,-215.786,0.0,bottom
D1201,MBR0530,D_SOD-123,87.431,-65.35,180.0,bottom
D1202,MBR0530,D_SOD-123,260.666,-70.55,0.0,bottom
D1202,MBR0530,D_SOD-123,238.841,-210.586,180.0,bottom
D1202,MBR0530,D_SOD-123,76.006,-210.586,180.0,bottom
D1202,MBR0530,D_SOD-123,97.831,-70.55,0.0,bottom
D1203,MBR0530,D_SOD-123,249.291,-210.986,180.0,bottom
D1203,MBR0530,D_SOD-123,87.381,-70.15,0.0,bottom
D1203,MBR0530,D_SOD-123,86.456,-210.986,180.0,bottom
D1203,MBR0530,D_SOD-123,250.216,-70.15,0.0,bottom
D301,MBR120LSF,SOD-123_L2.8-W1.8-LS3.7-RD,301.241,-249.243595,90.0,bottom
D301,MBR120LSF,SOD-123_L2.8-W1.8-LS3.7-RD,198.266,-31.892405,270.0,bottom
D301,MBR120LSF,SOD-123_L2.8-W1.8-LS3.7-RD,138.406,-249.243595,90.0,bottom
D301,MBR120LSF,SOD-123_L2.8-W1.8-LS3.7-RD,35.431,-31.892405,270.0,bottom
D302,MBR120LSF,SOD-123_L2.8-W1.8-LS3.7-RD,195.816,-31.892405,270.0,bottom
D302,MBR120LSF,SOD-123_L2.8-W1.8-LS3.7-RD,32.981,-31.892405,270.0,bottom
D302,MBR120LSF,SOD-123_L2.8-W1.8-LS3.7-RD,140.856,-249.243595,90.0,bottom
D302,MBR120LSF,SOD-123_L2.8-W1.8-LS3.7-RD,303.691,-249.243595,90.0,bottom
J701,PM254-2-03-S-8_5,HDR-SMD_6P-P2.54-V-F-R2-C3-LS7.0,141.010005,-83.629013,180.0,top
J701,PM254-2-03-S-8_5,HDR-SMD_6P-P2.54-V-F-R2-C3-LS7.0,195.661995,-197.506987,0.0,top
J701,PM254-2-03-S-8_5,HDR-SMD_6P-P2.54-V-F-R2-C3-LS7.0,303.845005,-83.629013,180.0,top
J701,PM254-2-03-S-8_5,HDR-SMD_6P-P2.54-V-F-R2-C3-LS7.0,32.826995,-197.506987,0.0,top
J702,PM254-2-03-S-8_5,HDR-SMD_6P-P2.54-V-F-R2-C3-LS7.0,195.216,-83.629013,180.0,top
J702,PM254-2-03-S-8_5,HDR-SMD_6P-P2.54-V-F-R2-C3-LS7.0,141.456,-197.506987,0.0,top
J702,PM254-2-03-S-8_5,HDR-SMD_6P-P2.54-V-F-R2-C3-LS7.0,304.291,-197.506987,0.0,top
J702,PM254-2-03-S-8_5,HDR-SMD_6P-P2.54-V-F-R2-C3-LS7.0,32.381,-83.629013,180.0,top
KEY301,SSSS811101,SW-SMD_SSSS811101,152.556,-242.053806,315.0,bottom
KEY301,SSSS811101,SW-SMD_SSSS811101,21.280999,-39.082194,135.0,bottom
KEY301,SSSS811101,SW-SMD_SSSS811101,184.115999,-39.082194,135.0,bottom
KEY301,SSSS811101,SW-SMD_SSSS811101,315.391,-242.053806,315.0,bottom
L1001,MLJ1608WR27JT000,L_0603_1608Metric,52.756,-189.686,90.0,bottom
L1001,MLJ1608WR27JT000,L_0603_1608Metric,283.916,-91.45,270.0,bottom
L1001,MLJ1608WR27JT000,L_0603_1608Metric,121.081,-91.45,270.0,bottom
L1001,MLJ1608WR27JT000,L_0603_1608Metric,215.591,-189.686,90.0,bottom
L1002,MLJ1608WR27JT000,L_0603_1608Metric,52.756,-186.486,270.0,bottom
L1002,MLJ1608WR27JT000,L_0603_1608Metric,215.591,-186.486,270.0,bottom
L1002,MLJ1608WR27JT000,L_0603_1608Metric,283.916,-94.65,90.0,bottom
L1002,MLJ1608WR27JT000,L_0603_1608Metric,121.081,-94.65,90.0,bottom
L1201,10uH,L_Vishay_IFSC-1515AH_4x4x1.8mm,260.716,-66.45,270.0,bottom
L1201,10uH,L_Vishay_IFSC-1515AH_4x4x1.8mm,97.881,-66.45,270.0,bottom
L1201,10uH,L_Vishay_IFSC-1515AH_4x4x1.8mm,238.791,-214.686,90.0,bottom
L1201,10uH,L_Vishay_IFSC-1515AH_4x4x1.8mm,75.956,-214.686,90.0,bottom
LED1001,NCD0805R1,LED_0805_2012Metric_Pad1.15x1.40mm_HandSolder,60.356,-175.486,0.0,bottom
LED1001,NCD0805R1,LED_0805_2012Metric_Pad1.15x1.40mm_HandSolder,223.191,-175.486,0.0,bottom
LED1001,NCD0805R1,LED_0805_2012Metric_Pad1.15x1.40mm_HandSolder,113.481,-105.65,180.0,bottom
LED1001,NCD0805R1,LED_0805_2012Metric_Pad1.15x1.40mm_HandSolder,276.316,-105.65,180.0,bottom
LED201,NCD0805R1,LED_0805_2012Metric_Pad1.15x1.40mm_HandSolder,287.291,-203.086,90.0,bottom
LED201,NCD0805R1,LED_0805_2012Metric_Pad1.15x1.40mm_HandSolder,124.456,-203.086,90.0,bottom
LED201,NCD0805R1,LED_0805_2012Metric_Pad1.15x1.40mm_HandSolder,49.381,-78.05,270.0,bottom
LED201,NCD0805R1,LED_0805_2012Metric_Pad1.15x1.40mm_HandSolder,212.216,-78.05,270.0,bottom
LED301,NCD0805R1,LED_0805_2012Metric_Pad1.15x1.40mm_HandSolder,136.356,-231.086,180.0,bottom
LED301,NCD0805R1,LED_0805_2012Metric_Pad1.15x1.40mm_HandSolder,299.191,-231.086,180.0,bottom
LED301,NCD0805R1,LED_0805_2012Metric_Pad1.15x1.40mm_HandSolder,37.481,-50.05,0.0,bottom
LED301,NCD0805R1,LED_0805_2012Metric_Pad1.15x1.40mm_HandSolder,200.316,-50.05,0.0,bottom
LED302,NCD0805R1,LED_0805_2012Metric_Pad1.15x1.40mm_HandSolder,206.066,-50.05,0.0,bottom
LED302,NCD0805R1,LED_0805_2012Metric_Pad1.15x1.40mm_HandSolder,130.606,-231.086,180.0,bottom
LED302,NCD0805R1,LED_0805_2012Metric_Pad1.15x1.40mm_HandSolder,293.441,-231.086,180.0,bottom
LED302,NCD0805R1,LED_0805_2012Metric_Pad1.15x1.40mm_HandSolder,43.231,-50.05,0.0,bottom
LED801,NCD0805R1,LED_0805_2012Metric_Pad1.15x1.40mm_HandSolder,127.856,-245.486,180.0,bottom
LED801,NCD0805R1,LED_0805_2012Metric_Pad1.15x1.40mm_HandSolder,290.691,-245.486,180.0,bottom
LED801,NCD0805R1,LED_0805_2012Metric_Pad1.15x1.40mm_HandSolder,45.981,-35.65,0.0,bottom
LED801,NCD0805R1,LED_0805_2012Metric_Pad1.15x1.40mm_HandSolder,208.816,-35.65,0.0,bottom
Q1201,IRLML0100TRPBF,SOT-23-3,80.906,-213.886,0.0,bottom
Q1201,IRLML0100TRPBF,SOT-23-3,92.931,-67.25,180.0,bottom
Q1201,IRLML0100TRPBF,SOT-23-3,255.766,-67.25,180.0,bottom
Q1201,IRLML0100TRPBF,SOT-23-3,243.741,-213.886,0.0,bottom
R1001,1K,R_0603_1608Metric,223.191,-173.386,0.0,bottom
R1001,1K,R_0603_1608Metric,60.356,-173.386,0.0,bottom
R1001,1K,R_0603_1608Metric,113.481,-107.75,180.0,bottom
R1001,1K,R_0603_1608Metric,276.316,-107.75,180.0,bottom
R1004,1R5,R_0603_1608Metric,64.156,-184.186,180.0,bottom
R1004,1R5,R_0603_1608Metric,226.991,-184.186,180.0,bottom
R1004,1R5,R_0603_1608Metric,109.681,-96.95,0.0,bottom
R1004,1R5,R_0603_1608Metric,272.516,-96.95,0.0,bottom
R1005,1R5,R_0603_1608Metric,109.681,-95.15,0.0,bottom
R1005,1R5,R_0603_1608Metric,226.991,-185.986,180.0,bottom
R1005,1R5,R_0603_1608Metric,64.156,-185.986,180.0,bottom
R1005,1R5,R_0603_1608Metric,272.516,-95.15,0.0,bottom
R1202,0.47,R_0603_1608Metric,93.531,-62.35,0.0,bottom
R1202,0.47,R_0603_1608Metric,243.141,-218.786,180.0,bottom
R1202,0.47,R_0603_1608Metric,256.366,-62.35,0.0,bottom
R1202,0.47,R_0603_1608Metric,80.306,-218.786,180.0,bottom
R201,10K,R_0603_1608Metric,208.116,-83.55,270.0,bottom
R201,10K,R_0603_1608Metric,291.391,-197.586,90.0,bottom
R201,10K,R_0603_1608Metric,45.281,-83.55,270.0,bottom
R201,10K,R_0603_1608Metric,128.556,-197.586,90.0,bottom
R202,10K,R_0603_1608Metric,289.391,-197.586,90.0,bottom
R202,10K,R_0603_1608Metric,47.281,-83.55,270.0,bottom
R202,10K,R_0603_1608Metric,210.116,-83.55,270.0,bottom
R202,10K,R_0603_1608Metric,126.556,-197.586,90.0,bottom
R203,1K,R_0603_1608Metric,51.281,-77.75,270.0,bottom
R203,1K,R_0603_1608Metric,122.556,-203.386,90.0,bottom
R203,1K,R_0603_1608Metric,214.116,-77.75,270.0,bottom
R203,1K,R_0603_1608Metric,285.391,-203.386,90.0,bottom
R204,10K,R_0603_1608Metric,126.256,-200.186,180.0,bottom
R204,10K,R_0603_1608Metric,47.581,-80.95,0.0,bottom
R204,10K,R_0603_1608Metric,289.091,-200.186,180.0,bottom
R204,10K,R_0603_1608Metric,210.416,-80.95,0.0,bottom
R301,5.1K,R_0603_1608Metric,136.256,-228.986,180.0,bottom
R301,5.1K,R_0603_1608Metric,37.581,-52.15,0.0,bottom
R301,5.1K,R_0603_1608Metric,299.091,-228.986,180.0,bottom
R301,5.1K,R_0603_1608Metric,200.416,-52.15,0.0,bottom
R302,100K,R_0603_1608Metric,189.666,-41.85,90.0,bottom
R302,100K,R_0603_1608Metric,26.831,-41.85,90.0,bottom
R302,100K,R_0603_1608Metric,147.006,-239.286,270.0,bottom
R302,100K,R_0603_1608Metric,309.841,-239.286,270.0,bottom
R303,5.1K,R_0603_1608Metric,43.381,-52.1,0.0,bottom
R303,5.1K,R_0603_1608Metric,206.216,-52.1,0.0,bottom
R303,5.1K,R_0603_1608Metric,130.456,-229.036,180.0,bottom
R303,5.1K,R_0603_1608Metric,293.291,-229.036,180.0,bottom
R401,5.1K,R_0603_1608Metric,316.791,-231.786,270.0,bottom
R401,5.1K,R_0603_1608Metric,182.716,-49.35,90.0,bottom
R401,5.1K,R_0603_1608Metric,19.881,-49.35,90.0,bottom
R401,5.1K,R_0603_1608Metric,153.956,-231.786,270.0,bottom
R402,5.1K,R_0603_1608Metric,184.116,-53.85,270.0,bottom
R402,5.1K,R_0603_1608Metric,315.391,-227.286,90.0,bottom
R402,5.1K,R_0603_1608Metric,152.556,-227.286,90.0,bottom
R402,5.1K,R_0603_1608Metric,21.281,-53.85,270.0,bottom
R601,10K,R_0603_1608Metric,202.591,-229.786,0.0,bottom
R601,10K,R_0603_1608Metric,39.756,-229.786,0.0,bottom
R601,10K,R_0603_1608Metric,134.081,-51.35,180.0,bottom
R601,10K,R_0603_1608Metric,296.916,-51.35,180.0,bottom
R602,10K,R_0603_1608Metric,134.081,-39.65,180.0,bottom
R602,10K,R_0603_1608Metric,202.591,-241.486,0.0,bottom
R602,10K,R_0603_1608Metric,39.756,-241.486,0.0,bottom
R602,10K,R_0603_1608Metric,296.916,-39.65,180.0,bottom
R603,10K,R_0603_1608Metric,296.916,-41.45,180.0,bottom
R603,10K,R_0603_1608Metric,134.081,-41.45,180.0,bottom
R603,10K,R_0603_1608Metric,202.591,-239.686,0.0,bottom
R603,10K,R_0603_1608Metric,39.756,-239.686,0.0,bottom
R604,10K,R_0603_1608Metric,202.591,-231.586,0.0,bottom
R604,10K,R_0603_1608Metric,296.916,-49.55,180.0,bottom
R604,10K,R_0603_1608Metric,134.081,-49.55,180.0,bottom
R604,10K,R_0603_1608Metric,39.756,-231.586,0.0,bottom
R605,10K,R_0603_1608Metric,142.956,-242.086,0.0,bottom
R605,10K,R_0603_1608Metric,193.716,-39.05,180.0,bottom
R605,10K,R_0603_1608Metric,305.791,-242.086,0.0,bottom
R605,10K,R_0603_1608Metric,30.881,-39.05,180.0,bottom
R606,10K,R_0603_1608Metric,24.381,-45.675,90.0,bottom
R606,10K,R_0603_1608Metric,312.291,-235.461,270.0,bottom
R606,10K,R_0603_1608Metric,149.456,-235.461,270.0,bottom
R606,10K,R_0603_1608Metric,187.216,-45.675,90.0,bottom
R801,1K,R_0603_1608Metric,290.391,-243.186,180.0,bottom
R801,1K,R_0603_1608Metric,127.556,-243.186,180.0,bottom
R801,1K,R_0603_1608Metric,46.281,-37.95,0.0,bottom
R801,1K,R_0603_1608Metric,209.116,-37.95,0.0,bottom
R802,1K,R_0603_1608Metric,137.831,-243.036,180.0,bottom
R802,1K,R_0603_1608Metric,300.666,-243.036,180.0,bottom
R802,1K,R_0603_1608Metric,36.006,-38.1,0.0,bottom
R802,1K,R_0603_1608Metric,198.841,-38.1,0.0,bottom
R803,1K,R_0603_1608Metric,198.816,-36.35,180.0,bottom
R803,1K,R_0603_1608Metric,300.691,-244.786,0.0,bottom
R803,1K,R_0603_1608Metric,35.981,-36.35,180.0,bottom
R803,1K,R_0603_1608Metric,137.856,-244.786,0.0,bottom
R804,390K,R_0603_1608Metric,275.391,-226.886,90.0,bottom
R804,390K,R_0603_1608Metric,112.556,-226.886,90.0,bottom
R804,390K,R_0603_1608Metric,61.281,-54.25,270.0,bottom
R804,390K,R_0603_1608Metric,224.116,-54.25,270.0,bottom
R805,100K,R_0603_1608Metric,59.581,-54.25,90.0,bottom
R805,100K,R_0603_1608Metric,114.256,-226.886,270.0,bottom
R805,100K,R_0603_1608Metric,222.416,-54.25,90.0,bottom
R805,100K,R_0603_1608Metric,277.091,-226.886,270.0,bottom
RGB501,SK6812SIDE-A_C5378721,LED-SMD_SK6812SIDE-A_C5378721,295.217342,-69.765187,260.0,bottom
RGB501,SK6812SIDE-A_C5378721,LED-SMD_SK6812SIDE-A_C5378721,204.289658,-211.370812,80.0,bottom
RGB501,SK6812SIDE-A_C5378721,LED-SMD_SK6812SIDE-A_C5378721,41.454658,-211.370812,80.0,bottom
RGB501,SK6812SIDE-A_C5378721,LED-SMD_SK6812SIDE-A_C5378721,132.382342,-69.765187,260.0,bottom
RGB502,SK6812SIDE-A_C5378721,LED-SMD_SK6812SIDE-A_C5378721,203.269866,-202.641802,95.0,bottom
RGB502,SK6812SIDE-A_C5378721,LED-SMD_SK6812SIDE-A_C5378721,296.237134,-78.494198,275.0,bottom
RGB502,SK6812SIDE-A_C5378721,LED-SMD_SK6812SIDE-A_C5378721,40.434866,-202.641802,95.0,bottom
RGB502,SK6812SIDE-A_C5378721,LED-SMD_SK6812SIDE-A_C5378721,133.402134,-78.494198,275.0,bottom
RGB503,SK6812SIDE-A_C5378721,LED-SMD_SK6812SIDE-A_C5378721,46.435079,-182.63899,120.0,bottom
RGB503,SK6812SIDE-A_C5378721,LED-SMD_SK6812SIDE-A_C5378721,209.270079,-182.63899,120.0,bottom
RGB503,SK6812SIDE-A_C5378721,LED-SMD_SK6812SIDE-A_C5378721,290.23692,-98.497009,300.0,bottom
RGB503,SK6812SIDE-A_C5378721,LED-SMD_SK6812SIDE-A_C5378721,127.40192,-98.497009,300.0,bottom
RGB504,SK6812SIDE-A_C5378721,LED-SMD_SK6812SIDE-A_C5378721,219.304749,-170.398754,130.0,bottom
RGB504,SK6812SIDE-A_C5378721,LED-SMD_SK6812SIDE-A_C5378721,117.36725,-110.737245,310.0,bottom
RGB504,SK6812SIDE-A_C5378721,LED-SMD_SK6812SIDE-A_C5378721,280.20225,-110.737245,310.0,bottom
RGB504,SK6812SIDE-A_C5378721,LED-SMD_SK6812SIDE-A_C5378721,56.469749,-170.398754,130.0,bottom
RGB505,SK6812SIDE-A_C5378721,LED-SMD_SK6812SIDE-A_C5378721,230.867957,-160.927332,135.0,bottom
RGB505,SK6812SIDE-A_C5378721,LED-SMD_SK6812SIDE-A_C5378721,68.032957,-160.927332,135.0,bottom
RGB505,SK6812SIDE-A_C5378721,LED-SMD_SK6812SIDE-A_C5378721,268.639043,-120.208667,315.0,bottom
RGB505,SK6812SIDE-A_C5378721,LED-SMD_SK6812SIDE-A_C5378721,105.804043,-120.208667,315.0,bottom
RGB506,SK6812SIDE-A_C5378721,LED-SMD_SK6812SIDE-A_C5378721,237.599731,-163.777283,200.0,bottom
RGB506,SK6812SIDE-A_C5378721,LED-SMD_SK6812SIDE-A_C5378721,74.764731,-163.777283,200.0,bottom
RGB506,SK6812SIDE-A_C5378721,LED-SMD_SK6812SIDE-A_C5378721,99.072269,-117.358716,20.0,bottom
RGB506,SK6812SIDE-A_C5378721,LED-SMD_SK6812SIDE-A_C5378721,261.907269,-117.358716,20.0,bottom
RGB507,SK6812SIDE-A_C5378721,LED-SMD_SK6812SIDE-A_C5378721,249.887793,-116.551346,0.0,bottom
RGB507,SK6812SIDE-A_C5378721,LED-SMD_SK6812SIDE-A_C5378721,86.784207,-164.584654,180.0,bottom
RGB507,SK6812SIDE-A_C5378721,LED-SMD_SK6812SIDE-A_C5378721,87.052793,-116.551346,0.0,bottom
RGB507,SK6812SIDE-A_C5378721,LED-SMD_SK6812SIDE-A_C5378721,249.619207,-164.584654,180.0,bottom
RGB508,SK6812SIDE-A_C5378721,LED-SMD_SK6812SIDE-A_C5378721,98.819394,-164.019189,160.0,bottom
RGB508,SK6812SIDE-A_C5378721,LED-SMD_SK6812SIDE-A_C5378721,237.852605,-117.11681,340.0,bottom
RGB508,SK6812SIDE-A_C5378721,LED-SMD_SK6812SIDE-A_C5378721,75.017605,-117.11681,340.0,bottom
RGB508,SK6812SIDE-A_C5378721,LED-SMD_SK6812SIDE-A_C5378721,261.654394,-164.019189,160.0,bottom
RGB509,SK6812SIDE-A_C5378721,LED-SMD_SK6812SIDE-A_C5378721,107.343247,-162.59975,220.0,bottom
RGB509,SK6812SIDE-A_C5378721,LED-SMD_SK6812SIDE-A_C5378721,270.178247,-162.59975,220.0,bottom
RGB509,SK6812SIDE-A_C5378721,LED-SMD_SK6812SIDE-A_C5378721,66.493752,-118.53625,40.0,bottom
RGB509,SK6812SIDE-A_C5378721,LED-SMD_SK6812SIDE-A_C5378721,229.328752,-118.53625,40.0,bottom
RGB510,SK6812SIDE-A_C5378721,LED-SMD_SK6812SIDE-A_C5378721,117.414669,-170.162957,225.0,bottom
RGB510,SK6812SIDE-A_C5378721,LED-SMD_SK6812SIDE-A_C5378721,219.25733,-110.973043,45.0,bottom
RGB510,SK6812SIDE-A_C5378721,LED-SMD_SK6812SIDE-A_C5378721,280.249669,-170.162957,225.0,bottom
RGB510,SK6812SIDE-A_C5378721,LED-SMD_SK6812SIDE-A_C5378721,56.42233,-110.973043,45.0,bottom
RGB511,SK6812SIDE-A_C5378721,LED-SMD_SK6812SIDE-A_C5378721,40.052745,-77.379719,80.0,bottom
RGB511,SK6812SIDE-A_C5378721,LED-SMD_SK6812SIDE-A_C5378721,133.784255,-203.75628,260.0,bottom
RGB511,SK6812SIDE-A_C5378721,LED-SMD_SK6812SIDE-A_C5378721,296.619255,-203.75628,260.0,bottom
RGB511,SK6812SIDE-A_C5378721,LED-SMD_SK6812SIDE-A_C5378721,202.887745,-77.379719,80.0,bottom
RGB512,SK6812SIDE-A_C5378721,LED-SMD_SK6812SIDE-A_C5378721,203.802232,-69.389525,100.0,bottom
RGB512,SK6812SIDE-A_C5378721,LED-SMD_SK6812SIDE-A_C5378721,295.704768,-211.746475,280.0,bottom
RGB512,SK6812SIDE-A_C5378721,LED-SMD_SK6812SIDE-A_C5378721,132.869768,-211.746475,280.0,bottom
RGB512,SK6812SIDE-A_C5378721,LED-SMD_SK6812SIDE-A_C5378721,40.967232,-69.389525,100.0,bottom
RGB513,SK6812SIDE-A_C5378721,LED-SMD_SK6812SIDE-A_C5378721,53.124498,-17.737719,0.0,bottom
RGB513,SK6812SIDE-A_C5378721,LED-SMD_SK6812SIDE-A_C5378721,120.712502,-263.398281,180.0,bottom
RGB513,SK6812SIDE-A_C5378721,LED-SMD_SK6812SIDE-A_C5378721,283.547502,-263.398281,180.0,bottom
RGB513,SK6812SIDE-A_C5378721,LED-SMD_SK6812SIDE-A_C5378721,215.959498,-17.737719,0.0,bottom
RGB514,SK6812SIDE-A_C5378721,LED-SMD_SK6812SIDE-A_C5378721,231.216012,-17.849987,0.0,bottom
RGB514,SK6812SIDE-A_C5378721,LED-SMD_SK6812SIDE-A_C5378721,105.455987,-263.286013,180.0,bottom
RGB514,SK6812SIDE-A_C5378721,LED-SMD_SK6812SIDE-A_C5378721,268.290987,-263.286013,180.0,bottom
RGB514,SK6812SIDE-A_C5378721,LED-SMD_SK6812SIDE-A_C5378721,68.381012,-17.849987,0.0,bottom
RGB515,SK6812SIDE-A_C5378721,LED-SMD_SK6812SIDE-A_C5378721,90.484207,-263.184654,180.0,bottom
RGB515,SK6812SIDE-A_C5378721,LED-SMD_SK6812SIDE-A_C5378721,253.319207,-263.184654,180.0,bottom
RGB515,SK6812SIDE-A_C5378721,LED-SMD_SK6812SIDE-A_C5378721,83.352793,-17.951346,0.0,bottom
RGB515,SK6812SIDE-A_C5378721,LED-SMD_SK6812SIDE-A_C5378721,246.187793,-17.951346,0.0,bottom
RGB516,SK6812SIDE-A_C5378721,LED-SMD_SK6812SIDE-A_C5378721,96.752793,-17.851346,0.0,bottom
RGB516,SK6812SIDE-A_C5378721,LED-SMD_SK6812SIDE-A_C5378721,77.084207,-263.284654,180.0,bottom
RGB516,SK6812SIDE-A_C5378721,LED-SMD_SK6812SIDE-A_C5378721,239.919207,-263.284654,180.0,bottom
RGB516,SK6812SIDE-A_C5378721,LED-SMD_SK6812SIDE-A_C5378721,259.587793,-17.851346,0.0,bottom
RGB517,SK6812SIDE-A_C5378721,LED-SMD_SK6812SIDE-A_C5378721,229.019207,-263.084654,180.0,bottom
RGB517,SK6812SIDE-A_C5378721,LED-SMD_SK6812SIDE-A_C5378721,107.652793,-18.051346,0.0,bottom
RGB517,SK6812SIDE-A_C5378721,LED-SMD_SK6812SIDE-A_C5378721,66.184207,-263.084654,180.0,bottom
RGB517,SK6812SIDE-A_C5378721,LED-SMD_SK6812SIDE-A_C5378721,270.487793,-18.051346,0.0,bottom
RGB518,SK6812SIDE-A_C5378721,LED-SMD_SK6812SIDE-A_C5378721,120.652793,-18.051346,0.0,bottom
RGB518,SK6812SIDE-A_C5378721,LED-SMD_SK6812SIDE-A_C5378721,216.019207,-263.084654,180.0,bottom
RGB518,SK6812SIDE-A_C5378721,LED-SMD_SK6812SIDE-A_C5378721,53.184207,-263.084654,180.0,bottom
RGB518,SK6812SIDE-A_C5378721,LED-SMD_SK6812SIDE-A_C5378721,283.487793,-18.051346,0.0,bottom
SW201,TS-1187A-C-C-B,SW-SMD_4P-L5.1-W5.1-P3.70-LS6.5-TL_H1.5,210.416,-72.35,0.0,bottom
SW201,TS-1187A-C-C-B,SW-SMD_4P-L5.1-W5.1-P3.70-LS6.5-TL_H1.5,289.091,-208.786,180.0,bottom
SW201,TS-1187A-C-C-B,SW-SMD_4P-L5.1-W5.1-P3.70-LS6.5-TL_H1.5,47.581,-72.35,0.0,bottom
SW201,TS-1187A-C-C-B,SW-SMD_4P-L5.1-W5.1-P3.70-LS6.5-TL_H1.5,126.256,-208.786,180.0,bottom
SW202,TS-1187A-C-C-B,SW-SMD_4P-L5.1-W5.1-P3.70-LS6.5-TL_H1.5,126.256,-214.886,180.0,bottom
SW202,TS-1187A-C-C-B,SW-SMD_4P-L5.1-W5.1-P3.70-LS6.5-TL_H1.5,289.091,-214.886,180.0,bottom
SW202,TS-1187A-C-C-B,SW-SMD_4P-L5.1-W5.1-P3.70-LS6.5-TL_H1.5,47.581,-66.25,0.0,bottom
SW202,TS-1187A-C-C-B,SW-SMD_4P-L5.1-W5.1-P3.70-LS6.5-TL_H1.5,210.416,-66.25,0.0,bottom
SW601,TS-1187A-C-C-B,SW-SMD_4P-L5.1-W5.1-P3.70-LS6.5-TL_H1.5,142.681,-51.95,180.0,top
SW601,TS-1187A-C-C-B,SW-SMD_4P-L5.1-W5.1-P3.70-LS6.5-TL_H1.5,31.156,-229.186,0.0,top
SW601,TS-1187A-C-C-B,SW-SMD_4P-L5.1-W5.1-P3.70-LS6.5-TL_H1.5,305.516,-51.95,180.0,top
SW601,TS-1187A-C-C-B,SW-SMD_4P-L5.1-W5.1-P3.70-LS6.5-TL_H1.5,193.991,-229.186,0.0,top
SW602,TS-1187A-C-C-B,SW-SMD_4P-L5.1-W5.1-P3.70-LS6.5-TL_H1.5,31.156,-241.686,0.0,top
SW602,TS-1187A-C-C-B,SW-SMD_4P-L5.1-W5.1-P3.70-LS6.5-TL_H1.5,142.681,-39.45,180.0,top
SW602,TS-1187A-C-C-B,SW-SMD_4P-L5.1-W5.1-P3.70-LS6.5-TL_H1.5,305.516,-39.45,180.0,top
SW602,TS-1187A-C-C-B,SW-SMD_4P-L5.1-W5.1-P3.70-LS6.5-TL_H1.5,193.991,-241.686,0.0,top
SW603,TS-1187A-C-C-B,SW-SMD_4P-L5.1-W5.1-P3.70-LS6.5-TL_H1.5,24.906,-235.436,0.0,top
SW603,TS-1187A-C-C-B,SW-SMD_4P-L5.1-W5.1-P3.70-LS6.5-TL_H1.5,311.766,-45.7,180.0,top
SW603,TS-1187A-C-C-B,SW-SMD_4P-L5.1-W5.1-P3.70-LS6.5-TL_H1.5,148.931,-45.7,180.0,top
SW603,TS-1187A-C-C-B,SW-SMD_4P-L5.1-W5.1-P3.70-LS6.5-TL_H1.5,187.741,-235.436,0.0,top
SW604,TS-1187A-C-C-B,SW-SMD_4P-L5.1-W5.1-P3.70-LS6.5-TL_H1.5,37.406,-235.436,0.0,top
SW604,TS-1187A-C-C-B,SW-SMD_4P-L5.1-W5.1-P3.70-LS6.5-TL_H1.5,136.431,-45.7,180.0,top
SW604,TS-1187A-C-C-B,SW-SMD_4P-L5.1-W5.1-P3.70-LS6.5-TL_H1.5,299.266,-45.7,180.0,top
SW604,TS-1187A-C-C-B,SW-SMD_4P-L5.1-W5.1-P3.70-LS6.5-TL_H1.5,200.241,-235.436,0.0,top
SW605,TS-1187A-C-C-B,SW-SMD_4P-L5.1-W5.1-P3.70-LS6.5-TL_H1.5,193.416,-39.5,180.0,top
SW605,TS-1187A-C-C-B,SW-SMD_4P-L5.1-W5.1-P3.70-LS6.5-TL_H1.5,143.256,-241.636,0.0,top
SW605,TS-1187A-C-C-B,SW-SMD_4P-L5.1-W5.1-P3.70-LS6.5-TL_H1.5,306.091,-241.636,0.0,top
SW605,TS-1187A-C-C-B,SW-SMD_4P-L5.1-W5.1-P3.70-LS6.5-TL_H1.5,30.581,-39.5,180.0,top
SW606,TS-1187A-C-C-B,SW-SMD_4P-L5.1-W5.1-P3.70-LS6.5-TL_H1.5,24.331,-45.75,180.0,top
SW606,TS-1187A-C-C-B,SW-SMD_4P-L5.1-W5.1-P3.70-LS6.5-TL_H1.5,149.506,-235.386,0.0,top
SW606,TS-1187A-C-C-B,SW-SMD_4P-L5.1-W5.1-P3.70-LS6.5-TL_H1.5,312.341,-235.386,0.0,top
SW606,TS-1187A-C-C-B,SW-SMD_4P-L5.1-W5.1-P3.70-LS6.5-TL_H1.5,187.166,-45.75,180.0,top
U1001,ST25R3916-AQWT,QFN50P500X500X100-33N-D,279.706633,-83.95,0.0,bottom
U1001,ST25R3916-AQWT,QFN50P500X500X100-33N-D,219.800367,-197.186,180.0,bottom
U1001,ST25R3916-AQWT,QFN50P500X500X100-33N-D,56.965367,-197.186,180.0,bottom
U1001,ST25R3916-AQWT,QFN50P500X500X100-33N-D,116.871633,-83.95,0.0,bottom
U1101,VEML6040A3OG,SENSOR_SMD_VEML6040A3OG,285.316102,-52.349923,-90.0,top
U1101,VEML6040A3OG,SENSOR_SMD_VEML6040A3OG,122.481102,-52.349923,-90.0,top
U1101,VEML6040A3OG,SENSOR_SMD_VEML6040A3OG,51.355898,-228.786076,90.0,top
U1101,VEML6040A3OG,SENSOR_SMD_VEML6040A3OG,214.190898,-228.786076,90.0,top
U1202,HC-FPC-05-09-24RLTAG,FPC-SMD_24P-P0.50_HC-FPC-05-09-24RLTAG,99.106064,-215.935936,90.0,bottom
U1202,HC-FPC-05-09-24RLTAG,FPC-SMD_24P-P0.50_HC-FPC-05-09-24RLTAG,237.565936,-65.200064,270.0,bottom
U1202,HC-FPC-05-09-24RLTAG,FPC-SMD_24P-P0.50_HC-FPC-05-09-24RLTAG,74.730936,-65.200064,270.0,bottom
U1202,HC-FPC-05-09-24RLTAG,FPC-SMD_24P-P0.50_HC-FPC-05-09-24RLTAG,261.941064,-215.935936,90.0,bottom
U201,ESP32-S3-WROOM-1(N16R8),WIRELM-SMD_ESP32-S3-WROOM-1,121.137806,-185.952892,65.0,bottom
U201,ESP32-S3-WROOM-1(N16R8),WIRELM-SMD_ESP32-S3-WROOM-1,215.534194,-95.183108,245.0,bottom
U201,ESP32-S3-WROOM-1(N16R8),WIRELM-SMD_ESP32-S3-WROOM-1,283.972806,-185.952892,65.0,bottom
U201,ESP32-S3-WROOM-1(N16R8),WIRELM-SMD_ESP32-S3-WROOM-1,52.699194,-95.183108,245.0,bottom
U301,AP2112K-3_3TRG1,SOT-25-5_L2.9-W1.6-P0.95-LS2.8-BL,30.581,-41.700025,90.0,bottom
U301,AP2112K-3_3TRG1,SOT-25-5_L2.9-W1.6-P0.95-LS2.8-BL,143.256,-239.435974,270.0,bottom
U301,AP2112K-3_3TRG1,SOT-25-5_L2.9-W1.6-P0.95-LS2.8-BL,193.416,-41.700025,90.0,bottom
U301,AP2112K-3_3TRG1,SOT-25-5_L2.9-W1.6-P0.95-LS2.8-BL,306.091,-239.435974,270.0,bottom
U401,TYPE-C-31-M-12,USB-C_SMD-TYPE-C-31-M-12,177.57891,-54.870631,61.0,bottom
U401,TYPE-C-31-M-12,USB-C_SMD-TYPE-C-31-M-12,159.093089,-226.265369,241.0,bottom
U401,TYPE-C-31-M-12,USB-C_SMD-TYPE-C-31-M-12,321.928089,-226.265369,241.0,bottom
U401,TYPE-C-31-M-12,USB-C_SMD-TYPE-C-31-M-12,14.74391,-54.870631,61.0,bottom
U402,TPSMF05CT1G,SOT-363_L2.0-W1.3-P0.65-LS2.1-BL,308.991,-229.286,90.0,bottom
U402,TPSMF05CT1G,SOT-363_L2.0-W1.3-P0.65-LS2.1-BL,190.516,-51.85,270.0,bottom
U402,TPSMF05CT1G,SOT-363_L2.0-W1.3-P0.65-LS2.1-BL,146.156,-229.286,90.0,bottom
U402,TPSMF05CT1G,SOT-363_L2.0-W1.3-P0.65-LS2.1-BL,27.681,-51.85,270.0,bottom
U801,XT4054K421MR-G,SOT-23-5_L3.0-W1.7-P0.95-LS2.8-BL,41.676498,-38.95,270.0,bottom
U801,XT4054K421MR-G,SOT-23-5_L3.0-W1.7-P0.95-LS2.8-BL,132.160502,-242.186,90.0,bottom
U801,XT4054K421MR-G,SOT-23-5_L3.0-W1.7-P0.95-LS2.8-BL,294.995502,-242.186,90.0,bottom
U801,XT4054K421MR-G,SOT-23-5_L3.0-W1.7-P0.95-LS2.8-BL,204.511498,-38.95,270.0,bottom
U802,XDWF-0920-02P,CONN-SMD_XDWF-0920-02P,234.941,-46.85,270.0,bottom
U802,XDWF-0920-02P,CONN-SMD_XDWF-0920-02P,101.731,-234.286,90.0,bottom
U802,XDWF-0920-02P,CONN-SMD_XDWF-0920-02P,72.106,-46.85,270.0,bottom
U802,XDWF-0920-02P,CONN-SMD_XDWF-0920-02P,264.566,-234.286,90.0,bottom
Y1001,27.12Mhz,Crystal_SMD_3225-4Pin_3.2x2.5mm,213.691,-201.586,0.0,bottom
Y1001,27.12Mhz,Crystal_SMD_3225-4Pin_3.2x2.5mm,50.856,-201.586,0.0,bottom
Y1001,27.12Mhz,Crystal_SMD_3225-4Pin_3.2x2.5mm,122.981,-79.55,180.0,bottom
Y1001,27.12Mhz,Crystal_SMD_3225-4Pin_3.2x2.5mm,285.816,-79.55,180.0,bottom
